{
  "ReRoutes": [

    {
      "DownstreamPathTemplate": "/api/account/login",
      "DownstreamScheme": "http",
      "DownstreamHost": "localhost",
      "DownstreamPort": 9013,
      "UpstreamPathTemplate": "/api/account/login",
      "UpstreamHttpMethod": [ "Post" ],
      "QoSOptions": {
        "ExceptionsAllowedBeforeBreaking": 3,
        "DurationOfBreak": 10,
        "TimeoutValue": 5000
      }
    },
    {
      "DownstreamPathTemplate": "/api/ManageFlight/AddFlight",
      "DownstreamScheme": "http",
      "DownstreamHost": "localhost",
      "DownstreamPort": 9013,
      "UpstreamPathTemplate": "/api/ManageFlight/AddFlight",
      "UpstreamHttpMethod": [ "Post" ],
      "QoSOptions": {
        "ExceptionsAllowedBeforeBreaking": 3,
        "DurationOfBreak": 10,
        "TimeoutValue": 5000
      }
      //,
      //"AuthenticationOptions": {
      //  "AuthenticationProviderKey": "TestKey",
      //  "AllowedScopes": []
      //}
    },
    {
      "DownstreamPathTemplate": "/api/ManageFlight/BlockFlight/{flightId}",
      "DownstreamScheme": "http",
      "DownstreamHost": "localhost",
      "DownstreamPort": 9013,
      "UpstreamPathTemplate": "/api/ManageFlight/BlockFlight/{flightId}",
      "UpstreamHttpMethod": [ "Get" ],
      "QoSOptions": {
        "ExceptionsAllowedBeforeBreaking": 3,
        "DurationOfBreak": 10,
        "TimeoutValue": 5000
      }
      //,
      //"AuthenticationOptions": {
      //  "AuthenticationProviderKey": "TestKey",
      //  "AllowedScopes": []
      //}
    },
    {
      "DownstreamPathTemplate": "/api/ManageFlight/GetFlight",
      "DownstreamScheme": "http",
      "DownstreamPort": 9013,
      "DownstreamHost": "localhost",
      "UpstreamPathTemplate": "/api/ManageFlight/GetFlight",
      "UpstreamHttpMethod": [ "Get" ],
      "QoSOptions": {
        "ExceptionsAllowedBeforeBreaking": 3,
        "DurationOfBreak": 10,
        "TimeoutValue": 5000
      }
      //,
      //"AuthenticationOptions": {
      //  "AuthenticationProviderKey": "TestKey",
      //  "AllowedScopes": []
      //}
    },
    {
      "DownstreamPathTemplate": "/api/ManageFlight/GetActiveAirLineBeforeScheduled",
      "DownstreamScheme": "http",
      "DownstreamPort": 9013,
      "DownstreamHost": "localhost",
      "UpstreamPathTemplate": "/api/ManageFlight/GetActiveAirLineBeforeScheduled",
      "UpstreamHttpMethod": [ "Get" ],
      "QoSOptions": {
        "ExceptionsAllowedBeforeBreaking": 3,
        "DurationOfBreak": 10,
        "TimeoutValue": 5000
      }
      //,
      //"AuthenticationOptions": {
      //  "AuthenticationProviderKey": "TestKey",
      //  "AllowedScopes": []
      //}
    },
    {
      "DownstreamPathTemplate": "/api/ManageFlight/GetScheduleAirlineDetails",
      "DownstreamScheme": "http",
      "DownstreamPort": 9013,
      "DownstreamHost": "localhost",
      "UpstreamPathTemplate": "/api/ManageFlight/GetScheduleAirlineDetails",
      "UpstreamHttpMethod": [ "Get" ],
      "QoSOptions": {
        "ExceptionsAllowedBeforeBreaking": 3,
        "DurationOfBreak": 10,
        "TimeoutValue": 5000
      }
      //,
      //"AuthenticationOptions": {
      //  "AuthenticationProviderKey": "TestKey",
      //  "AllowedScopes": []
      //}
    },
    {
      "DownstreamPathTemplate": "/api/ManageFlight/GetAllMeal",
      "DownstreamScheme": "http",
      "DownstreamPort": 9013,
      "DownstreamHost": "localhost",
      "UpstreamPathTemplate": "/api/ManageFlight/GetAllMeal",
      "UpstreamHttpMethod": [ "Get" ],
      "QoSOptions": {
        "ExceptionsAllowedBeforeBreaking": 3,
        "DurationOfBreak": 10,
        "TimeoutValue": 5000
      }
      //,
      //"AuthenticationOptions": {
      //  "AuthenticationProviderKey": "TestKey",
      //  "AllowedScopes": []
      //}
    },
    {
      "DownstreamPathTemplate": "/api/ManageFlight/AddFlightSchedule",
      "DownstreamScheme": "http",
      "DownstreamHost": "localhost",
      "DownstreamPort": 9013,
      "UpstreamPathTemplate": "/api/ManageFlight/AddFlightSchedule",
      "UpstreamHttpMethod": [ "Post" ],
      "QoSOptions": {
        "ExceptionsAllowedBeforeBreaking": 3,
        "DurationOfBreak": 10,
        "TimeoutValue": 5000
      }
      //,
      //"AuthenticationOptions": {
      //  "AuthenticationProviderKey": "TestKey",
      //  "AllowedScopes": []
      //}
    },

    //Discount Url

    {
      "DownstreamPathTemplate": "/api/ManageDiscount/AddDiscount",
      "DownstreamScheme": "http",
      "DownstreamHost": "localhost",
      "DownstreamPort": 9013,
      "UpstreamPathTemplate": "/api/ManageDiscount/AddDiscount",
      "UpstreamHttpMethod": [ "Post" ],
      "QoSOptions": {
        "ExceptionsAllowedBeforeBreaking": 3,
        "DurationOfBreak": 10,
        "TimeoutValue": 5000
      } //,
      //"AuthenticationOptions": {
      //  "AuthenticationProviderKey": "TestKey",
      //  "AllowedScopes": []
      //}
    },
    {
      "DownstreamPathTemplate": "/api/ManageDiscount/DeleteDiscount/{DiscountId}",
      "DownstreamScheme": "http",
      "DownstreamHost": "localhost",
      "DownstreamPort": 9013,
      "UpstreamPathTemplate": "/api/ManageDiscount/DeleteDiscount/{DiscountId}",
      "UpstreamHttpMethod": [ "Get" ],
      "QoSOptions": {
        "ExceptionsAllowedBeforeBreaking": 3,
        "DurationOfBreak": 10,
        "TimeoutValue": 5000
      }
      //,
      //"AuthenticationOptions": {
      //  "AuthenticationProviderKey": "TestKey",
      //  "AllowedScopes": []
      //}
    },
    {
      "DownstreamPathTemplate": "/api/ManageDiscount/GetDiscount",
      "DownstreamScheme": "http",
      "DownstreamPort": 9013,
      "DownstreamHost": "localhost",
      "UpstreamPathTemplate": "/api/ManageDiscount/GetDiscount",
      "UpstreamHttpMethod": [ "Get" ],
      "QoSOptions": {
        "ExceptionsAllowedBeforeBreaking": 3,
        "DurationOfBreak": 10,
        "TimeoutValue": 5000
      }
      //,
      //"AuthenticationOptions": {
      //  "AuthenticationProviderKey": "TestKey",
      //  "AllowedScopes": []
      //}
    },

    //User Url

    {
      "DownstreamPathTemplate": "/api/User/AddUserRegistration",
      "DownstreamScheme": "http",
      "DownstreamPort": 9014,
      "DownstreamHost": "localhost",
      "UpstreamPathTemplate": "/api/User/AddUserRegistration",
      "UpstreamHttpMethod": [ "Post" ],
      "QoSOptions": {
        "ExceptionsAllowedBeforeBreaking": 3,
        "DurationOfBreak": 10,
        "TimeoutValue": 5000
      }
    },

    //User flight Booking
    {
      "DownstreamPathTemplate": "/api/Flight/Search",
      "DownstreamScheme": "http",
      "DownstreamPort": 9014,
      "DownstreamHost": "localhost",
      "UpstreamPathTemplate": "/api/Flight/Search",
      "UpstreamHttpMethod": [ "Post" ],
      "QoSOptions": {
        "ExceptionsAllowedBeforeBreaking": 3,
        "DurationOfBreak": 10,
        "TimeoutValue": 5000
      }
      //,
      //"AuthenticationOptions": {
      //  "AuthenticationProviderKey": "TestKey",
      //  "AllowedScopes": []
      //}
    },
    {
      "DownstreamPathTemplate": "/api/Flight/Booking",
      "DownstreamScheme": "http",
      "DownstreamPort": 9014,
      "DownstreamHost": "localhost",
      "UpstreamPathTemplate": "/api/Flight/Booking",
      "UpstreamHttpMethod": [ "Post" ],
      "QoSOptions": {
        "ExceptionsAllowedBeforeBreaking": 3,
        "DurationOfBreak": 10,
        "TimeoutValue": 5000
      }
      //,
      //"AuthenticationOptions": {
      //  "AuthenticationProviderKey": "TestKey",
      //  "AllowedScopes": []
      //}
    },
    {
      "DownstreamPathTemplate": "/api/Flight/BookingFlightCancel/{bookingId}",
      "DownstreamScheme": "http",
      "DownstreamPort": 9014,
      "DownstreamHost": "localhost",
      "UpstreamPathTemplate": "/api/Flight/BookingFlightCancel/{bookingId}",
      "UpstreamHttpMethod": [ "Get" ],
      "QoSOptions": {
        "ExceptionsAllowedBeforeBreaking": 3,
        "DurationOfBreak": 10,
        "TimeoutValue": 5000
      }
      //,
      //"AuthenticationOptions": {
      //  "AuthenticationProviderKey": "TestKey",
      //  "AllowedScopes": []
      //}
    },
    {
      "DownstreamPathTemplate": "/api/Flight/FlightBookingDetails/{PNR_No}",
      "DownstreamScheme": "http",
      "DownstreamPort": 9014,
      "DownstreamHost": "localhost",
      "UpstreamPathTemplate": "/api/Flight/FlightBookingDetails/{PNR_No}",
      "UpstreamHttpMethod": [ "Get" ],
      "QoSOptions": {
        "ExceptionsAllowedBeforeBreaking": 3,
        "DurationOfBreak": 10,
        "TimeoutValue": 5000
      }
      //,
      //"AuthenticationOptions": {
      //  "AuthenticationProviderKey": "TestKey",
      //  "AllowedScopes": []
      //}
    },
    {
      "DownstreamPathTemplate": "/api/Flight/GetFlightBookingHistory/{emailid}",
      "DownstreamScheme": "http",
      "DownstreamPort": 9014,
      "DownstreamHost": "localhost",
      "UpstreamPathTemplate": "/api/Flight/GetFlightBookingHistory/{emailid}",
      "UpstreamHttpMethod": [ "Get" ],
      "QoSOptions": {
        "ExceptionsAllowedBeforeBreaking": 3,
        "DurationOfBreak": 10,
        "TimeoutValue": 5000
      }
      //,
      //"AuthenticationOptions": {
      //  "AuthenticationProviderKey": "TestKey",
      //  "AllowedScopes": []
      //}
    },
    {
      "DownstreamPathTemplate": "/api/Flight/GetBookTicket",
      "DownstreamScheme": "http",
      "DownstreamPort": 9014,
      "DownstreamHost": "localhost",
      "UpstreamPathTemplate": "/api/Flight/GetBookTicket",
      "UpstreamHttpMethod": [ "Get" ],
      "QoSOptions": {
        "ExceptionsAllowedBeforeBreaking": 3,
        "DurationOfBreak": 10,
        "TimeoutValue": 5000
      }
      //,
      //"AuthenticationOptions": {
      //  "AuthenticationProviderKey": "TestKey",
      //  "AllowedScopes": []
      //}
    },
    {
      "DownstreamPathTemplate": "/api/Flight/getDiscountConpen/{flightid}",
      "DownstreamScheme": "http",
      "DownstreamPort": 9014,
      "DownstreamHost": "localhost",
      "UpstreamPathTemplate": "/api/Flight/getDiscountConpen/{flightid}",
      "UpstreamHttpMethod": [ "Get" ],
      "QoSOptions": {
        "ExceptionsAllowedBeforeBreaking": 3,
        "DurationOfBreak": 10,
        "TimeoutValue": 5000
      }
      //,
      //"AuthenticationOptions": {
      //  "AuthenticationProviderKey": "TestKey",
      //  "AllowedScopes": []
      //}
    },
    {
      "DownstreamPathTemplate": "/api/Flight/GetActiveAirlineSchedule",
      "DownstreamScheme": "http",
      "DownstreamPort": 9014,
      "DownstreamHost": "localhost",
      "UpstreamPathTemplate": "/api/Flight/GetActiveAirlineSchedule",
      "UpstreamHttpMethod": [ "Get" ],
      "QoSOptions": {
        "ExceptionsAllowedBeforeBreaking": 3,
        "DurationOfBreak": 10,
        "TimeoutValue": 5000
      }
      //,
      //"AuthenticationOptions": {
      //  "AuthenticationProviderKey": "TestKey",
      //  "AllowedScopes": []
      //}
    }

  ],
  "GlobalConfiguration": {
    "RequestIdKey": "OcRequestId",
    "AdministrationPath": "/administration",
    "AuthenticationOptions": {
      "AuthenticationProviderKey": "TestKey",
      "AllowedScopes": []
    }
  }
}